2023-02-28T19:50:32.841Z,0,https://tinmoi.vn/nhung-chinh-sach-moi-noi-bat-co-hieu-luc-tu-thang-3-2023-tang-muc-boi-duong-cho-nld-011621710.html

2023-02-28T19:50:32.841Z,1,https://tinmoi.vn/fifa-bi-chi-trich-vi-hanh-dong-thieu-ton-trong-ronaldo-tai-le-trao-giai-the-best-011621770.html

2023-02-28T19:50:32.841Z,2,https://tinmoi.vn/4-van-de-hlv-ten-hag-can-giai-quyet-ngay-lap-tuc-neu-muon-phuc-sinh-de-che-man-united-011621761.html

2023-02-28T19:50:32.842Z,3,https://tinmoi.vn/bui-tien-dung-hanh-phuc-ben-quy-tu-lai-tay-cdm-nguong-mo-011621771.html

2023-02-28T19:50:32.842Z,4,https://tinmoi.vn/pham-hinh-thai-tue-lai-mac-tam-tai-nam-2023-nguoi-tuoi-ty-can-lam-gi-de-hoa-giai-011621754.html

2023-02-28T19:50:32.842Z,5,https://tinmoi.vn/cong-ly-phan-ung-the-nao-khi-bi-vo-tre-goi-la-con-khi-gia-011621736.html

2023-02-28T19:50:32.842Z,6,https://tinmoi.vn/co-dau-oa-khoc-khi-nhan-mon-qua-bat-ngo-trong-ngay-trong-dai-dan-tinh-xem-clip-ma-xuc-dong-lay-011621758.html

2023-02-28T19:50:32.842Z,7,https://tinmoi.vn/au-ha-my-lo-dien-mao-khac-la-giua-luc-chong-cu-phat-tuong-ai-ly-hon-roi-cung-khac-011621765.html

2023-02-28T20:53:47.748Z,0,https://tinmoi.vn/fifa-bi-chi-trich-vi-hanh-dong-thieu-ton-trong-ronaldo-tai-le-trao-giai-the-best-011621770.html
2023-02-28T20:53:47.748Z,1,https://tinmoi.vn/4-van-de-hlv-ten-hag-can-giai-quyet-ngay-lap-tuc-neu-muon-phuc-sinh-de-che-man-united-011621761.html
2023-02-28T20:53:47.748Z,2,https://tinmoi.vn/thanh-soi-duoc-chieu-tren-netlix-toan-cau-ngo-thanh-van-viet-tam-thu-bay-to-noi-long-011621743.html
2023-02-28T20:53:47.748Z,3,https://tinmoi.vn/bui-tien-dung-hanh-phuc-ben-quy-tu-lai-tay-cdm-nguong-mo-011621771.html
2023-02-28T20:53:47.748Z,4,https://tinmoi.vn/pham-hinh-thai-tue-lai-mac-tam-tai-nam-2023-nguoi-tuoi-ty-can-lam-gi-de-hoa-giai-011621754.html
2023-02-28T20:53:47.748Z,5,https://tinmoi.vn/cong-ly-phan-ung-the-nao-khi-bi-vo-tre-goi-la-con-khi-gia-011621736.html
2023-02-28T20:53:47.748Z,6,https://tinmoi.vn/co-dau-oa-khoc-khi-nhan-mon-qua-bat-ngo-trong-ngay-trong-dai-dan-tinh-xem-clip-ma-xuc-dong-lay-011621758.html
2023-02-28T20:53:47.748Z,7,https://tinmoi.vn/au-ha-my-lo-dien-mao-khac-la-giua-luc-chong-cu-phat-tuong-ai-ly-hon-roi-cung-khac-011621765.html
2023-02-28T20:55:07.425Z,0,https://tinmoi.vn/fifa-bi-chi-trich-vi-hanh-dong-thieu-ton-trong-ronaldo-tai-le-trao-giai-the-best-011621770.html
2023-02-28T20:55:07.426Z,1,https://tinmoi.vn/4-van-de-hlv-ten-hag-can-giai-quyet-ngay-lap-tuc-neu-muon-phuc-sinh-de-che-man-united-011621761.html
2023-02-28T20:55:07.426Z,2,https://tinmoi.vn/thanh-soi-duoc-chieu-tren-netlix-toan-cau-ngo-thanh-van-viet-tam-thu-bay-to-noi-long-011621743.html
2023-02-28T20:55:07.426Z,3,https://tinmoi.vn/bui-tien-dung-hanh-phuc-ben-quy-tu-lai-tay-cdm-nguong-mo-011621771.html
2023-02-28T20:55:07.426Z,4,https://tinmoi.vn/pham-hinh-thai-tue-lai-mac-tam-tai-nam-2023-nguoi-tuoi-ty-can-lam-gi-de-hoa-giai-011621754.html
2023-02-28T20:55:07.426Z,5,https://tinmoi.vn/cong-ly-phan-ung-the-nao-khi-bi-vo-tre-goi-la-con-khi-gia-011621736.html
2023-02-28T20:55:07.426Z,6,https://tinmoi.vn/co-dau-oa-khoc-khi-nhan-mon-qua-bat-ngo-trong-ngay-trong-dai-dan-tinh-xem-clip-ma-xuc-dong-lay-011621758.html
2023-02-28T20:55:07.426Z,7,https://tinmoi.vn/au-ha-my-lo-dien-mao-khac-la-giua-luc-chong-cu-phat-tuong-ai-ly-hon-roi-cung-khac-011621765.html
2023-02-28T20:55:34.593Z,0,https://tinmoi.vn/fifa-bi-chi-trich-vi-hanh-dong-thieu-ton-trong-ronaldo-tai-le-trao-giai-the-best-011621770.html
2023-02-28T20:55:34.593Z,1,https://tinmoi.vn/4-van-de-hlv-ten-hag-can-giai-quyet-ngay-lap-tuc-neu-muon-phuc-sinh-de-che-man-united-011621761.html
2023-02-28T20:55:34.593Z,2,https://tinmoi.vn/thanh-soi-duoc-chieu-tren-netlix-toan-cau-ngo-thanh-van-viet-tam-thu-bay-to-noi-long-011621743.html
2023-02-28T20:55:34.593Z,3,https://tinmoi.vn/bui-tien-dung-hanh-phuc-ben-quy-tu-lai-tay-cdm-nguong-mo-011621771.html
2023-02-28T20:55:34.593Z,4,https://tinmoi.vn/pham-hinh-thai-tue-lai-mac-tam-tai-nam-2023-nguoi-tuoi-ty-can-lam-gi-de-hoa-giai-011621754.html
2023-02-28T20:55:34.593Z,5,https://tinmoi.vn/cong-ly-phan-ung-the-nao-khi-bi-vo-tre-goi-la-con-khi-gia-011621736.html
2023-02-28T20:55:34.593Z,6,https://tinmoi.vn/co-dau-oa-khoc-khi-nhan-mon-qua-bat-ngo-trong-ngay-trong-dai-dan-tinh-xem-clip-ma-xuc-dong-lay-011621758.html
2023-02-28T20:55:34.593Z,7,https://tinmoi.vn/au-ha-my-lo-dien-mao-khac-la-giua-luc-chong-cu-phat-tuong-ai-ly-hon-roi-cung-khac-011621765.html
2023-02-28T21:13:51.864Z,0,https://tinmoi.vn/fifa-bi-chi-trich-vi-hanh-dong-thieu-ton-trong-ronaldo-tai-le-trao-giai-the-best-011621770.html
2023-02-28T21:13:51.865Z,1,https://tinmoi.vn/4-van-de-hlv-ten-hag-can-giai-quyet-ngay-lap-tuc-neu-muon-phuc-sinh-de-che-man-united-011621761.html
2023-02-28T21:13:51.865Z,2,https://tinmoi.vn/thanh-soi-duoc-chieu-tren-netlix-toan-cau-ngo-thanh-van-viet-tam-thu-bay-to-noi-long-011621743.html
2023-02-28T21:13:51.865Z,3,https://tinmoi.vn/bui-tien-dung-hanh-phuc-ben-quy-tu-lai-tay-cdm-nguong-mo-011621771.html
2023-02-28T21:13:51.865Z,4,https://tinmoi.vn/pham-hinh-thai-tue-lai-mac-tam-tai-nam-2023-nguoi-tuoi-ty-can-lam-gi-de-hoa-giai-011621754.html
2023-02-28T21:13:51.865Z,5,https://tinmoi.vn/cong-ly-phan-ung-the-nao-khi-bi-vo-tre-goi-la-con-khi-gia-011621736.html
2023-02-28T21:13:51.865Z,6,https://tinmoi.vn/co-dau-oa-khoc-khi-nhan-mon-qua-bat-ngo-trong-ngay-trong-dai-dan-tinh-xem-clip-ma-xuc-dong-lay-011621758.html
2023-02-28T21:13:51.865Z,7,https://tinmoi.vn/au-ha-my-lo-dien-mao-khac-la-giua-luc-chong-cu-phat-tuong-ai-ly-hon-roi-cung-khac-011621765.html
2023-03-01T11:08:37.479Z,0,https://tinmoi.vn/sai-sot-nghiem-trong-cua-vff-trong-ngay-ra-mat-tan-hlv-truong-doi-tuyen-viet-nam-011621842.html
2023-03-01T11:08:37.479Z,1,https://tinmoi.vn/cap-nhat-chi-tiet-bang-luong-cong-chuc-tu-7-2023-011621846.html
2023-03-01T11:08:37.479Z,2,https://tinmoi.vn/phuong-nhi-lot-thom-giua-tuong-dai-bao-ngoc-mai-phuong-khong-the-lu-mo-nho-thu-dat-gia-nay-tren-co-the-011621845.html
2023-03-01T11:08:37.479Z,3,https://tinmoi.vn/phuong-nhi-lam-moi-minh-khi-ru-bo-hinh-tuong-cong-chua-nhan-sac-con-xung-danh-than-tien-ty-ty-the-he-moi-011621848.html
2023-03-01T11:08:37.479Z,4,https://tinmoi.vn/do-my-linh-sang-to-tin-don-mang-thai-con-dau-long-cho-chong-chu-tich-011621873.html
2023-03-01T11:08:37.479Z,5,https://tinmoi.vn/cat-phuong-buc-xuc-khi-bi-tung-tin-da-qua-doi-011621812.html
2023-03-01T11:08:37.479Z,6,https://tinmoi.vn/ho-ngoc-ha-dung-do-hoa-hau-thuy-tien-nhung-cai-ket-lai-khong-nhu-nhieu-nguoi-nghi-011621856.html
2023-03-01T11:08:37.479Z,7,https://tinmoi.vn/video-my-tam-ru-con-trai-dam-vinh-hung-di-nhau-lan-dau-gap-mat-nhoc-ti-to-thai-do-tinh-bo-011621836.html
2023-03-01T13:11:59.769Z,0,https://tinmoi.vn/bo-gddt-cong-bo-lich-thi-tot-nghiep-thpt-2023-011621865.html
2023-03-01T13:11:59.769Z,1,https://tinmoi.vn/cap-nhat-chi-tiet-bang-luong-cong-chuc-tu-7-2023-011621846.html
2023-03-01T13:11:59.769Z,2,https://tinmoi.vn/phuong-nhi-lot-thom-giua-tuong-dai-bao-ngoc-mai-phuong-khong-the-lu-mo-nho-thu-dat-gia-nay-tren-co-the-011621845.html
2023-03-01T13:11:59.769Z,3,https://tinmoi.vn/khong-phai-phuong-linh-ha-anh-tuan-hiem-hoi-tiet-lo-ve-cuoc-tinh-dau-den-nay-van-khien-anh-day-dut-011621841.html
2023-03-01T13:11:59.769Z,4,https://tinmoi.vn/song-hye-kyo-hung-chiu-nhieu-ton-thuong-ke-tu-khi-song-joong-ki-tuyen-bo-lay-vo-moi-011621793.html
2023-03-01T13:11:59.769Z,5,https://tinmoi.vn/phuong-nhi-lam-moi-minh-khi-ru-bo-hinh-tuong-cong-chua-nhan-sac-con-xung-danh-than-tien-ty-ty-the-he-moi-011621848.html
2023-03-01T13:11:59.769Z,6,https://tinmoi.vn/do-my-linh-sang-to-tin-don-mang-thai-con-dau-long-cho-chong-chu-tich-011621873.html
2023-03-01T13:11:59.769Z,7,https://tinmoi.vn/cat-phuong-buc-xuc-khi-bi-tung-tin-da-qua-doi-011621812.html
2023-03-01T13:12:26.071Z,0,https://tinmoi.vn/bo-gddt-cong-bo-lich-thi-tot-nghiep-thpt-2023-011621865.html
2023-03-01T13:12:26.071Z,1,https://tinmoi.vn/cap-nhat-chi-tiet-bang-luong-cong-chuc-tu-7-2023-011621846.html
2023-03-01T13:12:26.071Z,2,https://tinmoi.vn/phuong-nhi-lot-thom-giua-tuong-dai-bao-ngoc-mai-phuong-khong-the-lu-mo-nho-thu-dat-gia-nay-tren-co-the-011621845.html
2023-03-01T13:12:26.071Z,3,https://tinmoi.vn/khong-phai-phuong-linh-ha-anh-tuan-hiem-hoi-tiet-lo-ve-cuoc-tinh-dau-den-nay-van-khien-anh-day-dut-011621841.html
2023-03-01T13:12:26.071Z,4,https://tinmoi.vn/song-hye-kyo-hung-chiu-nhieu-ton-thuong-ke-tu-khi-song-joong-ki-tuyen-bo-lay-vo-moi-011621793.html
2023-03-01T13:12:26.071Z,5,https://tinmoi.vn/phuong-nhi-lam-moi-minh-khi-ru-bo-hinh-tuong-cong-chua-nhan-sac-con-xung-danh-than-tien-ty-ty-the-he-moi-011621848.html
2023-03-01T13:12:26.071Z,6,https://tinmoi.vn/do-my-linh-sang-to-tin-don-mang-thai-con-dau-long-cho-chong-chu-tich-011621873.html
2023-03-01T13:12:26.071Z,7,https://tinmoi.vn/cat-phuong-buc-xuc-khi-bi-tung-tin-da-qua-doi-011621812.html
2023-03-01T13:13:41.679Z,0,https://tinmoi.vn/bo-gddt-cong-bo-lich-thi-tot-nghiep-thpt-2023-011621865.html
2023-03-01T13:13:41.679Z,1,https://tinmoi.vn/cap-nhat-chi-tiet-bang-luong-cong-chuc-tu-7-2023-011621846.html
2023-03-01T13:13:41.680Z,2,https://tinmoi.vn/phuong-nhi-lot-thom-giua-tuong-dai-bao-ngoc-mai-phuong-khong-the-lu-mo-nho-thu-dat-gia-nay-tren-co-the-011621845.html
2023-03-01T13:13:41.680Z,3,https://tinmoi.vn/khong-phai-phuong-linh-ha-anh-tuan-hiem-hoi-tiet-lo-ve-cuoc-tinh-dau-den-nay-van-khien-anh-day-dut-011621841.html
2023-03-01T13:13:41.680Z,4,https://tinmoi.vn/song-hye-kyo-hung-chiu-nhieu-ton-thuong-ke-tu-khi-song-joong-ki-tuyen-bo-lay-vo-moi-011621793.html
2023-03-01T13:13:41.680Z,5,https://tinmoi.vn/phuong-nhi-lam-moi-minh-khi-ru-bo-hinh-tuong-cong-chua-nhan-sac-con-xung-danh-than-tien-ty-ty-the-he-moi-011621848.html
2023-03-01T13:13:41.680Z,6,https://tinmoi.vn/do-my-linh-sang-to-tin-don-mang-thai-con-dau-long-cho-chong-chu-tich-011621873.html
2023-03-01T13:13:41.680Z,7,https://tinmoi.vn/cat-phuong-buc-xuc-khi-bi-tung-tin-da-qua-doi-011621812.html
2023-03-01T14:00:00.974Z,0,https://tinmoi.vn/bo-gddt-cong-bo-lich-thi-tot-nghiep-thpt-2023-011621865.html
2023-03-01T14:00:00.974Z,1,https://tinmoi.vn/cap-nhat-chi-tiet-bang-luong-cong-chuc-tu-7-2023-011621846.html
2023-03-01T14:00:00.974Z,2,https://tinmoi.vn/phuong-nhi-lot-thom-giua-tuong-dai-bao-ngoc-mai-phuong-khong-the-lu-mo-nho-thu-dat-gia-nay-tren-co-the-011621845.html
2023-03-01T14:00:00.974Z,3,https://tinmoi.vn/a-hau-kieu-loan-de-lo-dau-hieu-bat-thuong-tren-mat-sau-khi-thua-nhan-can-thiep-dao-keo-011621884.html
2023-03-01T14:00:00.974Z,4,https://tinmoi.vn/khong-phai-phuong-linh-ha-anh-tuan-hiem-hoi-tiet-lo-ve-cuoc-tinh-dau-den-nay-van-khien-anh-day-dut-011621841.html
2023-03-01T14:00:00.975Z,5,https://tinmoi.vn/song-hye-kyo-hung-chiu-nhieu-ton-thuong-ke-tu-khi-song-joong-ki-tuyen-bo-lay-vo-moi-011621793.html
2023-03-01T14:00:00.975Z,6,https://tinmoi.vn/ban-gai-tien-ve-hagl-khoe-duong-cong-goi-cam-nhan-sac-khien-cdm-ngat-ngay-011621880.html
2023-03-01T14:00:00.975Z,7,https://tinmoi.vn/phuong-nhi-lam-moi-minh-khi-ru-bo-hinh-tuong-cong-chua-nhan-sac-con-xung-danh-than-tien-ty-ty-the-he-moi-011621848.html
2023-03-01T15:00:00.614Z,0,https://tinmoi.vn/bo-gddt-cong-bo-lich-thi-tot-nghiep-thpt-2023-011621865.html
2023-03-01T15:00:00.614Z,1,https://tinmoi.vn/hlv-hoang-anh-tuan-tiet-lo-cach-giup-u20-viet-nam-danh-bai-australia-011621887.html
2023-03-01T15:00:00.614Z,2,https://tinmoi.vn/cap-nhat-chi-tiet-bang-luong-cong-chuc-tu-7-2023-011621846.html
2023-03-01T15:00:00.614Z,3,https://tinmoi.vn/video-than-tien-ty-ty-phuong-nhi-qua-ong-kinh-camera-mo-ao-nhan-sac-the-nao-ma-khien-cdm-dung-hinh-011621885.html
2023-03-01T15:00:00.614Z,4,https://tinmoi.vn/a-hau-kieu-loan-de-lo-dau-hieu-bat-thuong-tren-mat-sau-khi-thua-nhan-can-thiep-dao-keo-011621884.html
2023-03-01T15:00:00.614Z,5,https://tinmoi.vn/khong-phai-phuong-linh-ha-anh-tuan-hiem-hoi-tiet-lo-ve-cuoc-tinh-dau-den-nay-van-khien-anh-day-dut-011621841.html
2023-03-01T15:00:00.614Z,6,https://tinmoi.vn/song-hye-kyo-hung-chiu-nhieu-ton-thuong-ke-tu-khi-song-joong-ki-tuyen-bo-lay-vo-moi-011621793.html
2023-03-01T15:00:00.614Z,7,https://tinmoi.vn/ban-gai-tien-ve-hagl-khoe-duong-cong-goi-cam-nhan-sac-khien-cdm-ngat-ngay-011621880.html
2023-03-01T16:00:00.891Z,0,https://tinmoi.vn/bo-gddt-cong-bo-lich-thi-tot-nghiep-thpt-2023-011621865.html
2023-03-01T16:00:00.891Z,1,https://tinmoi.vn/hlv-hoang-anh-tuan-tiet-lo-cach-giup-u20-viet-nam-danh-bai-australia-011621887.html
2023-03-01T16:00:00.891Z,2,https://tinmoi.vn/cap-nhat-chi-tiet-bang-luong-cong-chuc-tu-7-2023-011621846.html
2023-03-01T16:00:00.891Z,3,https://tinmoi.vn/phuong-trinh-jolie-thang-than-dap-tra-sau-khi-bi-che-mac-tao-bao-khi-mang-bau-011621888.html
2023-03-01T16:00:00.891Z,4,https://tinmoi.vn/video-than-tien-ty-ty-phuong-nhi-qua-ong-kinh-camera-mo-ao-nhan-sac-the-nao-ma-khien-cdm-dung-hinh-011621885.html
2023-03-01T16:00:00.891Z,5,https://tinmoi.vn/a-hau-kieu-loan-de-lo-dau-hieu-bat-thuong-tren-mat-sau-khi-thua-nhan-can-thiep-dao-keo-011621884.html
2023-03-01T16:00:00.891Z,6,https://tinmoi.vn/khong-phai-phuong-linh-ha-anh-tuan-hiem-hoi-tiet-lo-ve-cuoc-tinh-dau-den-nay-van-khien-anh-day-dut-011621841.html
2023-03-01T16:00:00.891Z,7,https://tinmoi.vn/song-hye-kyo-hung-chiu-nhieu-ton-thuong-ke-tu-khi-song-joong-ki-tuyen-bo-lay-vo-moi-011621793.html
2023-03-01T17:00:00.702Z,0,https://tinmoi.vn/bo-gddt-cong-bo-lich-thi-tot-nghiep-thpt-2023-011621865.html
2023-03-01T17:00:00.703Z,1,https://tinmoi.vn/hlv-hoang-anh-tuan-tiet-lo-cach-giup-u20-viet-nam-danh-bai-australia-011621887.html
2023-03-01T17:00:00.703Z,2,https://tinmoi.vn/cap-nhat-chi-tiet-bang-luong-cong-chuc-tu-7-2023-011621846.html
2023-03-01T17:00:00.703Z,3,https://tinmoi.vn/phuong-trinh-jolie-thang-than-dap-tra-sau-khi-bi-che-mac-tao-bao-khi-mang-bau-011621888.html
2023-03-01T17:00:00.703Z,4,https://tinmoi.vn/video-than-tien-ty-ty-phuong-nhi-qua-ong-kinh-camera-mo-ao-nhan-sac-the-nao-ma-khien-cdm-dung-hinh-011621885.html
2023-03-01T17:00:00.703Z,5,https://tinmoi.vn/a-hau-kieu-loan-de-lo-dau-hieu-bat-thuong-tren-mat-sau-khi-thua-nhan-can-thiep-dao-keo-011621884.html
2023-03-01T17:00:00.703Z,6,https://tinmoi.vn/khong-phai-phuong-linh-ha-anh-tuan-hiem-hoi-tiet-lo-ve-cuoc-tinh-dau-den-nay-van-khien-anh-day-dut-011621841.html
2023-03-01T17:00:00.703Z,7,https://tinmoi.vn/song-hye-kyo-hung-chiu-nhieu-ton-thuong-ke-tu-khi-song-joong-ki-tuyen-bo-lay-vo-moi-011621793.html
2023-03-01T18:00:00.727Z,0,https://tinmoi.vn/bo-gddt-cong-bo-lich-thi-tot-nghiep-thpt-2023-011621865.html
2023-03-01T18:00:00.727Z,1,https://tinmoi.vn/hlv-hoang-anh-tuan-tiet-lo-cach-giup-u20-viet-nam-danh-bai-australia-011621887.html
2023-03-01T18:00:00.727Z,2,https://tinmoi.vn/cap-nhat-chi-tiet-bang-luong-cong-chuc-tu-7-2023-011621846.html
2023-03-01T18:00:00.727Z,3,https://tinmoi.vn/phuong-trinh-jolie-thang-than-dap-tra-sau-khi-bi-che-mac-tao-bao-khi-mang-bau-011621888.html
2023-03-01T18:00:00.727Z,4,https://tinmoi.vn/video-than-tien-ty-ty-phuong-nhi-qua-ong-kinh-camera-mo-ao-nhan-sac-the-nao-ma-khien-cdm-dung-hinh-011621885.html
2023-03-01T18:00:00.727Z,5,https://tinmoi.vn/a-hau-kieu-loan-de-lo-dau-hieu-bat-thuong-tren-mat-sau-khi-thua-nhan-can-thiep-dao-keo-011621884.html
2023-03-01T18:00:00.727Z,6,https://tinmoi.vn/khong-phai-phuong-linh-ha-anh-tuan-hiem-hoi-tiet-lo-ve-cuoc-tinh-dau-den-nay-van-khien-anh-day-dut-011621841.html
2023-03-01T18:00:00.727Z,7,https://tinmoi.vn/song-hye-kyo-hung-chiu-nhieu-ton-thuong-ke-tu-khi-song-joong-ki-tuyen-bo-lay-vo-moi-011621793.html
2023-03-01T19:00:00.426Z,0,https://tinmoi.vn/bo-gddt-cong-bo-lich-thi-tot-nghiep-thpt-2023-011621865.html
2023-03-01T19:00:00.426Z,1,https://tinmoi.vn/hlv-hoang-anh-tuan-tiet-lo-cach-giup-u20-viet-nam-danh-bai-australia-011621887.html
2023-03-01T19:00:00.426Z,2,https://tinmoi.vn/cap-nhat-chi-tiet-bang-luong-cong-chuc-tu-7-2023-011621846.html
2023-03-01T19:00:00.426Z,3,https://tinmoi.vn/phuong-trinh-jolie-thang-than-dap-tra-sau-khi-bi-che-mac-tao-bao-khi-mang-bau-011621888.html
2023-03-01T19:00:00.426Z,4,https://tinmoi.vn/video-than-tien-ty-ty-phuong-nhi-qua-ong-kinh-camera-mo-ao-nhan-sac-the-nao-ma-khien-cdm-dung-hinh-011621885.html
2023-03-01T19:00:00.426Z,5,https://tinmoi.vn/a-hau-kieu-loan-de-lo-dau-hieu-bat-thuong-tren-mat-sau-khi-thua-nhan-can-thiep-dao-keo-011621884.html
2023-03-01T19:00:00.426Z,6,https://tinmoi.vn/khong-phai-phuong-linh-ha-anh-tuan-hiem-hoi-tiet-lo-ve-cuoc-tinh-dau-den-nay-van-khien-anh-day-dut-011621841.html
2023-03-01T19:00:00.426Z,7,https://tinmoi.vn/song-hye-kyo-hung-chiu-nhieu-ton-thuong-ke-tu-khi-song-joong-ki-tuyen-bo-lay-vo-moi-011621793.html
2023-03-01T20:00:00.482Z,0,https://tinmoi.vn/bo-gddt-cong-bo-lich-thi-tot-nghiep-thpt-2023-011621865.html
2023-03-01T20:00:00.482Z,1,https://tinmoi.vn/hlv-hoang-anh-tuan-tiet-lo-cach-giup-u20-viet-nam-danh-bai-australia-011621887.html
2023-03-01T20:00:00.482Z,2,https://tinmoi.vn/cap-nhat-chi-tiet-bang-luong-cong-chuc-tu-7-2023-011621846.html
2023-03-01T20:00:00.482Z,3,https://tinmoi.vn/phuong-trinh-jolie-thang-than-dap-tra-sau-khi-bi-che-mac-tao-bao-khi-mang-bau-011621888.html
2023-03-01T20:00:00.482Z,4,https://tinmoi.vn/video-than-tien-ty-ty-phuong-nhi-qua-ong-kinh-camera-mo-ao-nhan-sac-the-nao-ma-khien-cdm-dung-hinh-011621885.html
2023-03-01T20:00:00.482Z,5,https://tinmoi.vn/a-hau-kieu-loan-de-lo-dau-hieu-bat-thuong-tren-mat-sau-khi-thua-nhan-can-thiep-dao-keo-011621884.html
2023-03-01T20:00:00.482Z,6,https://tinmoi.vn/khong-phai-phuong-linh-ha-anh-tuan-hiem-hoi-tiet-lo-ve-cuoc-tinh-dau-den-nay-van-khien-anh-day-dut-011621841.html
2023-03-01T20:00:00.482Z,7,https://tinmoi.vn/song-hye-kyo-hung-chiu-nhieu-ton-thuong-ke-tu-khi-song-joong-ki-tuyen-bo-lay-vo-moi-011621793.html
2023-03-01T21:00:01.418Z,0,https://tinmoi.vn/bo-gddt-cong-bo-lich-thi-tot-nghiep-thpt-2023-011621865.html
2023-03-01T21:00:01.418Z,1,https://tinmoi.vn/hlv-hoang-anh-tuan-tiet-lo-cach-giup-u20-viet-nam-danh-bai-australia-011621887.html
2023-03-01T21:00:01.418Z,2,https://tinmoi.vn/cap-nhat-chi-tiet-bang-luong-cong-chuc-tu-7-2023-011621846.html
2023-03-01T21:00:01.418Z,3,https://tinmoi.vn/phuong-trinh-jolie-thang-than-dap-tra-sau-khi-bi-che-mac-tao-bao-khi-mang-bau-011621888.html
2023-03-01T21:00:01.418Z,4,https://tinmoi.vn/video-than-tien-ty-ty-phuong-nhi-qua-ong-kinh-camera-mo-ao-nhan-sac-the-nao-ma-khien-cdm-dung-hinh-011621885.html
2023-03-01T21:00:01.418Z,5,https://tinmoi.vn/a-hau-kieu-loan-de-lo-dau-hieu-bat-thuong-tren-mat-sau-khi-thua-nhan-can-thiep-dao-keo-011621884.html
2023-03-01T21:00:01.418Z,6,https://tinmoi.vn/khong-phai-phuong-linh-ha-anh-tuan-hiem-hoi-tiet-lo-ve-cuoc-tinh-dau-den-nay-van-khien-anh-day-dut-011621841.html
2023-03-01T21:00:01.418Z,7,https://tinmoi.vn/song-hye-kyo-hung-chiu-nhieu-ton-thuong-ke-tu-khi-song-joong-ki-tuyen-bo-lay-vo-moi-011621793.html
2023-03-01T22:00:00.487Z,0,https://tinmoi.vn/bo-gddt-cong-bo-lich-thi-tot-nghiep-thpt-2023-011621865.html
2023-03-01T22:00:00.487Z,1,https://tinmoi.vn/hlv-hoang-anh-tuan-tiet-lo-cach-giup-u20-viet-nam-danh-bai-australia-011621887.html
2023-03-01T22:00:00.487Z,2,https://tinmoi.vn/cap-nhat-chi-tiet-bang-luong-cong-chuc-tu-7-2023-011621846.html
2023-03-01T22:00:00.487Z,3,https://tinmoi.vn/phuong-trinh-jolie-thang-than-dap-tra-sau-khi-bi-che-mac-tao-bao-khi-mang-bau-011621888.html
2023-03-01T22:00:00.487Z,4,https://tinmoi.vn/video-than-tien-ty-ty-phuong-nhi-qua-ong-kinh-camera-mo-ao-nhan-sac-the-nao-ma-khien-cdm-dung-hinh-011621885.html
2023-03-01T22:00:00.487Z,5,https://tinmoi.vn/a-hau-kieu-loan-de-lo-dau-hieu-bat-thuong-tren-mat-sau-khi-thua-nhan-can-thiep-dao-keo-011621884.html
2023-03-01T22:00:00.487Z,6,https://tinmoi.vn/khong-phai-phuong-linh-ha-anh-tuan-hiem-hoi-tiet-lo-ve-cuoc-tinh-dau-den-nay-van-khien-anh-day-dut-011621841.html
2023-03-01T22:00:00.487Z,7,https://tinmoi.vn/song-hye-kyo-hung-chiu-nhieu-ton-thuong-ke-tu-khi-song-joong-ki-tuyen-bo-lay-vo-moi-011621793.html
2023-03-01T23:00:00.518Z,0,https://tinmoi.vn/bo-gddt-cong-bo-lich-thi-tot-nghiep-thpt-2023-011621865.html
2023-03-01T23:00:00.518Z,1,https://tinmoi.vn/hlv-hoang-anh-tuan-tiet-lo-cach-giup-u20-viet-nam-danh-bai-australia-011621887.html
2023-03-01T23:00:00.518Z,2,https://tinmoi.vn/cap-nhat-chi-tiet-bang-luong-cong-chuc-tu-7-2023-011621846.html
2023-03-01T23:00:00.519Z,3,https://tinmoi.vn/phuong-trinh-jolie-thang-than-dap-tra-sau-khi-bi-che-mac-tao-bao-khi-mang-bau-011621888.html
2023-03-01T23:00:00.519Z,4,https://tinmoi.vn/video-than-tien-ty-ty-phuong-nhi-qua-ong-kinh-camera-mo-ao-nhan-sac-the-nao-ma-khien-cdm-dung-hinh-011621885.html
2023-03-01T23:00:00.519Z,5,https://tinmoi.vn/a-hau-kieu-loan-de-lo-dau-hieu-bat-thuong-tren-mat-sau-khi-thua-nhan-can-thiep-dao-keo-011621884.html
2023-03-01T23:00:00.519Z,6,https://tinmoi.vn/khong-phai-phuong-linh-ha-anh-tuan-hiem-hoi-tiet-lo-ve-cuoc-tinh-dau-den-nay-van-khien-anh-day-dut-011621841.html
2023-03-01T23:00:00.519Z,7,https://tinmoi.vn/song-hye-kyo-hung-chiu-nhieu-ton-thuong-ke-tu-khi-song-joong-ki-tuyen-bo-lay-vo-moi-011621793.html
2023-03-02T00:00:00.448Z,0,https://tinmoi.vn/bo-gddt-cong-bo-lich-thi-tot-nghiep-thpt-2023-011621865.html
2023-03-02T00:00:00.448Z,1,https://tinmoi.vn/hlv-hoang-anh-tuan-tiet-lo-cach-giup-u20-viet-nam-danh-bai-australia-011621887.html
2023-03-02T00:00:00.448Z,2,https://tinmoi.vn/cap-nhat-chi-tiet-bang-luong-cong-chuc-tu-7-2023-011621846.html
2023-03-02T00:00:00.448Z,3,https://tinmoi.vn/phuong-trinh-jolie-thang-than-dap-tra-sau-khi-bi-che-mac-tao-bao-khi-mang-bau-011621888.html
2023-03-02T00:00:00.448Z,4,https://tinmoi.vn/video-than-tien-ty-ty-phuong-nhi-qua-ong-kinh-camera-mo-ao-nhan-sac-the-nao-ma-khien-cdm-dung-hinh-011621885.html
2023-03-02T00:00:00.448Z,5,https://tinmoi.vn/a-hau-kieu-loan-de-lo-dau-hieu-bat-thuong-tren-mat-sau-khi-thua-nhan-can-thiep-dao-keo-011621884.html
2023-03-02T00:00:00.448Z,6,https://tinmoi.vn/khong-phai-phuong-linh-ha-anh-tuan-hiem-hoi-tiet-lo-ve-cuoc-tinh-dau-den-nay-van-khien-anh-day-dut-011621841.html
2023-03-02T00:00:00.448Z,7,https://tinmoi.vn/song-hye-kyo-hung-chiu-nhieu-ton-thuong-ke-tu-khi-song-joong-ki-tuyen-bo-lay-vo-moi-011621793.html
2023-03-02T01:00:01.317Z,0,https://tinmoi.vn/bo-gddt-cong-bo-lich-thi-tot-nghiep-thpt-2023-011621865.html
2023-03-02T01:00:01.317Z,1,https://tinmoi.vn/hlv-hoang-anh-tuan-tiet-lo-cach-giup-u20-viet-nam-danh-bai-australia-011621887.html
2023-03-02T01:00:01.317Z,2,https://tinmoi.vn/cap-nhat-chi-tiet-bang-luong-cong-chuc-tu-7-2023-011621846.html
2023-03-02T01:00:01.317Z,3,https://tinmoi.vn/phuong-trinh-jolie-thang-than-dap-tra-sau-khi-bi-che-mac-tao-bao-khi-mang-bau-011621888.html
2023-03-02T01:00:01.317Z,4,https://tinmoi.vn/video-than-tien-ty-ty-phuong-nhi-qua-ong-kinh-camera-mo-ao-nhan-sac-the-nao-ma-khien-cdm-dung-hinh-011621885.html
2023-03-02T01:00:01.317Z,5,https://tinmoi.vn/a-hau-kieu-loan-de-lo-dau-hieu-bat-thuong-tren-mat-sau-khi-thua-nhan-can-thiep-dao-keo-011621884.html
2023-03-02T01:00:01.317Z,6,https://tinmoi.vn/khong-phai-phuong-linh-ha-anh-tuan-hiem-hoi-tiet-lo-ve-cuoc-tinh-dau-den-nay-van-khien-anh-day-dut-011621841.html
2023-03-02T01:00:01.317Z,7,https://tinmoi.vn/song-hye-kyo-hung-chiu-nhieu-ton-thuong-ke-tu-khi-song-joong-ki-tuyen-bo-lay-vo-moi-011621793.html
2023-03-02T02:00:00.596Z,0,https://tinmoi.vn/bo-gddt-cong-bo-lich-thi-tot-nghiep-thpt-2023-011621865.html
2023-03-02T02:00:00.596Z,1,https://tinmoi.vn/hlv-hoang-anh-tuan-tiet-lo-cach-giup-u20-viet-nam-danh-bai-australia-011621887.html
2023-03-02T02:00:00.596Z,2,https://tinmoi.vn/cap-nhat-chi-tiet-bang-luong-cong-chuc-tu-7-2023-011621846.html
2023-03-02T02:00:00.596Z,3,https://tinmoi.vn/phuong-trinh-jolie-thang-than-dap-tra-sau-khi-bi-che-mac-tao-bao-khi-mang-bau-011621888.html
2023-03-02T02:00:00.596Z,4,https://tinmoi.vn/video-than-tien-ty-ty-phuong-nhi-qua-ong-kinh-camera-mo-ao-nhan-sac-the-nao-ma-khien-cdm-dung-hinh-011621885.html
2023-03-02T02:00:00.596Z,5,https://tinmoi.vn/a-hau-kieu-loan-de-lo-dau-hieu-bat-thuong-tren-mat-sau-khi-thua-nhan-can-thiep-dao-keo-011621884.html
2023-03-02T02:00:00.596Z,6,https://tinmoi.vn/khong-phai-phuong-linh-ha-anh-tuan-hiem-hoi-tiet-lo-ve-cuoc-tinh-dau-den-nay-van-khien-anh-day-dut-011621841.html
2023-03-02T02:00:00.596Z,7,https://tinmoi.vn/song-hye-kyo-hung-chiu-nhieu-ton-thuong-ke-tu-khi-song-joong-ki-tuyen-bo-lay-vo-moi-011621793.html
2023-03-02T03:00:01.222Z,0,https://tinmoi.vn/u20-viet-nam-danh-bai-u20-australia-bao-trung-quoc-than-tho-011621899.html
2023-03-02T03:00:01.222Z,1,https://tinmoi.vn/do-thi-ha-nhan-tin-chua-tung-co-trong-doi-vot-lai-co-hoi-tung-vut-mat-day-bang-hoang-cdm-nhao-nhac-011621901.html
2023-03-02T03:00:01.222Z,2,https://tinmoi.vn/vo-chong-khanh-thi-va-phan-hien-bao-tin-vui-sau-hon-3-thang-lam-dam-cuoi-011621893.html
2023-03-02T03:00:01.222Z,3,https://tinmoi.vn/ba-xa-cong-ly-noi-doa-va-dap-tra-truoc-dong-binh-luan-tieu-cuc-cua-netizen-011621906.html
2023-03-02T03:00:01.222Z,4,https://tinmoi.vn/anh-tu-bi-chup-len-camera-thuong-kho-dim-duoc-nhan-sac-nam-than-011621896.html
2023-03-02T03:00:01.222Z,5,https://tinmoi.vn/phuong-trinh-jolie-thang-than-dap-tra-sau-khi-bi-che-mac-tao-bao-khi-mang-bau-011621888.html
2023-03-02T03:00:01.222Z,6,https://tinmoi.vn/video-than-tien-ty-ty-phuong-nhi-qua-ong-kinh-camera-mo-ao-nhan-sac-the-nao-ma-khien-cdm-dung-hinh-011621885.html
2023-03-02T03:00:01.222Z,7,https://tinmoi.vn/a-hau-kieu-loan-de-lo-dau-hieu-bat-thuong-tren-mat-sau-khi-thua-nhan-can-thiep-dao-keo-011621884.html
2023-03-02T04:00:01.216Z,0,https://tinmoi.vn/u20-viet-nam-danh-bai-u20-australia-bao-trung-quoc-than-tho-011621899.html
2023-03-02T04:00:01.216Z,1,https://tinmoi.vn/chum-anh-buoi-tap-dau-tien-day-khac-nghiet-cua-u23-viet-nam-duoi-thoi-hlv-philippe-troussier-011621909.html
2023-03-02T04:00:01.216Z,2,https://tinmoi.vn/do-thi-ha-nhan-tin-chua-tung-co-trong-doi-vot-lai-co-hoi-tung-vut-mat-day-bang-hoang-cdm-nhao-nhac-011621901.html
2023-03-02T04:00:01.216Z,3,https://tinmoi.vn/huong-giang-bat-ngo-an-y-ve-su-thuy-chung-sau-khi-duong-ai-nay-di-voi-dinh-tu-011621915.html
2023-03-02T04:00:01.216Z,4,https://tinmoi.vn/hoa-hau-luong-thuy-linh-nhan-trong-trach-tu-hao-chua-tung-co-trong-su-nghiep-vuot-mat-nhieu-dan-chi-011621912.html
2023-03-02T04:00:01.216Z,5,https://tinmoi.vn/mc-cat-tuong-lan-dau-ke-ro-mau-thuan-kho-dung-hoa-voi-mc-quyen-linh-moi-quan-he-hien-tai-gay-bat-ngo-011621900.html
2023-03-02T04:00:01.216Z,6,https://tinmoi.vn/ba-xa-cong-ly-noi-doa-va-dap-tra-truoc-dong-binh-luan-tieu-cuc-cua-netizen-011621906.html
2023-03-02T04:00:01.216Z,7,https://tinmoi.vn/anh-tu-bi-chup-len-camera-thuong-kho-dim-duoc-nhan-sac-nam-than-011621896.html
2023-03-02T05:00:00.474Z,0,https://tinmoi.vn/u20-viet-nam-danh-bai-u20-australia-bao-trung-quoc-than-tho-011621899.html
2023-03-02T05:00:00.474Z,1,https://tinmoi.vn/chum-anh-buoi-tap-dau-tien-day-khac-nghiet-cua-u23-viet-nam-duoi-thoi-hlv-philippe-troussier-011621909.html
2023-03-02T05:00:00.474Z,2,https://tinmoi.vn/do-thi-ha-nhan-tin-chua-tung-co-trong-doi-vot-lai-co-hoi-tung-vut-mat-day-bang-hoang-cdm-nhao-nhac-011621901.html
2023-03-02T05:00:00.474Z,3,https://tinmoi.vn/le-duong-bao-lam-cuc-ngau-van-kho-chat-dep-kieu-minh-tuan-bo-anh-nam-than-khien-dan-tinh-cuoi-ngat-011621920.html
2023-03-02T05:00:00.475Z,4,https://tinmoi.vn/huong-giang-bat-ngo-an-y-ve-su-thuy-chung-sau-khi-duong-ai-nay-di-voi-dinh-tu-011621915.html
2023-03-02T05:00:00.475Z,5,https://tinmoi.vn/hoa-hau-luong-thuy-linh-nhan-trong-trach-tu-hao-chua-tung-co-trong-su-nghiep-vuot-mat-nhieu-dan-chi-011621912.html
2023-03-02T05:00:00.475Z,6,https://tinmoi.vn/mc-cat-tuong-lan-dau-ke-ro-mau-thuan-kho-dung-hoa-voi-mc-quyen-linh-moi-quan-he-hien-tai-gay-bat-ngo-011621900.html
2023-03-02T05:00:00.475Z,7,https://tinmoi.vn/ba-xa-cong-ly-noi-doa-va-dap-tra-truoc-dong-binh-luan-tieu-cuc-cua-netizen-011621906.html
2023-03-02T06:00:00.634Z,0,https://tinmoi.vn/vao-tu-ket-fa-cup-fan-man-united-mo-ve-cu-an-4-o-mua-giai-nam-nay-011621922.html
2023-03-02T06:00:00.634Z,1,https://tinmoi.vn/ly-nha-ky-mac-ao-xuyen-thau-no-luc-chung-minh-nhan-sac-lao-hoa-nguoc-o-tuoi-41-cdm-khuyen-dieu-nay-011621907.html
2023-03-02T06:00:00.634Z,2,https://tinmoi.vn/chum-anh-buoi-tap-dau-tien-day-khac-nghiet-cua-u23-viet-nam-duoi-thoi-hlv-philippe-troussier-011621909.html
2023-03-02T06:00:00.634Z,3,https://tinmoi.vn/dan-sao-trieu-do-cua-cong-an-ha-noi-gong-minh-tap-luyen-cho-ngay-vleague-tro-lai-011621918.html
2023-03-02T06:00:00.634Z,4,https://tinmoi.vn/khong-tu-quynh-gap-lai-tinh-cu-8-nam-ngo-kien-huy-phan-ung-cua-ca-hai-day-bat-ngo-011621921.html
2023-03-02T06:00:00.634Z,5,https://tinmoi.vn/le-duong-bao-lam-cuc-ngau-van-kho-chat-dep-kieu-minh-tuan-bo-anh-nam-than-khien-dan-tinh-cuoi-ngat-011621920.html
2023-03-02T06:00:00.634Z,6,https://tinmoi.vn/huong-giang-bat-ngo-an-y-ve-su-thuy-chung-sau-khi-duong-ai-nay-di-voi-dinh-tu-011621915.html
2023-03-02T06:00:00.634Z,7,https://tinmoi.vn/hoa-hau-luong-thuy-linh-nhan-trong-trach-tu-hao-chua-tung-co-trong-su-nghiep-vuot-mat-nhieu-dan-chi-011621912.html